Generator Name;Node of connection;Category;Units;Max Capacity (MW);Commit;Data File of Commit;Scenario of Commit;Heat Rate Base (MMBTU/hr);Heat Rate Inc Band 1 (BTU/kWh);Heat Rate Inc Band 2 (BTU/kWh);Heat Rate Inc Band 3 (BTU/kWh);Heat Rate Inc Band 4 (BTU/kWh);Heat Rate Inc Band 5 (BTU/kWh);Load Point Band 1 (MW);Load Point Band 2 (MW);Load Point Band 3 (MW);Load Point Band 4 (MW);Load Point Band 5 (MW);Escalator of Load Point (all bands);Max Ramp Down (MW/min);Max Ramp Down Penalty ($/MW);Max Ramp Up (MW/min);Max Ramp Up Penalty ($/MW);Min Down Time (h);Min Up Time (h);Min Stable Level (MW);% of min stable level;New stable level (MW);Escalator of Min Stable Level;Start Cost ($);VO&M Charge ($/MWh)
Biomass 01;node012;1. Committed DA;1;3;0;DA UC;RT;10,91;12120;;;;;3;;;;;Biomass 01;0,42;450;0,42;450;1;1;0,9;30%;0,9;Biomass 01;15,9;1,91
Biomass 02;node012;1. Committed DA;1;3;0;DA UC;RT;10,91;12120;;;;;3;;;;;Biomass 02;0,42;450;0,42;450;1;1;0,9;30%;0,9;Biomass 02;15,9;1,91
Biomass 03;node103;1. Committed DA;1;1,2;0;DA UC;RT;4,36;12120;;;;;1,2;;;;;Biomass 03;0,42;450;0,42;450;1;1;0,36;30%;0,36;Biomass 03;6,36;1,91
Biomass 04;node103;1. Committed DA;1;1,2;0;DA UC;RT;4,36;12120;;;;;1,2;;;;;Biomass 04;0,42;450;0,42;450;1;1;0,36;30%;0,36;Biomass 04;6,36;1,91
Biomass 05;node012;1. Committed DA;1;1,3;0;DA UC;RT;4,73;12120;;;;;1,3;;;;;Biomass 05;0,42;450;0,42;450;6;6;0,26;20%;0,26;Biomass 05;6,89;1,91
Biomass 06;node012;1. Committed DA;1;1,3;0;DA UC;RT;4,73;12120;;;;;1,3;;;;;Biomass 06;0,42;450;0,42;450;6;6;0,26;20%;0,26;Biomass 06;6,89;1,91
Biomass 07;node012;1. Committed DA;1;3;0;DA UC;RT;10,91;12120;;;;;3;;;;;Biomass 07;0,42;450;0,42;450;6;6;0,6;20%;0,6;Biomass 07;15,9;1,91
Biomass 08;node012;1. Committed DA;1;1,35;0;DA UC;RT;4,91;12120;;;;;1,35;;;;;Biomass 08;0,42;450;0,42;450;6;6;0,27;20%;0,27;Biomass 08;7,16;1,91
Biomass 09;node012;1. Committed DA;1;1,35;0;DA UC;RT;4,91;12120;;;;;1,35;;;;;Biomass 09;0,42;450;0,42;450;6;6;0,27;20%;0,27;Biomass 09;7,16;1,91
Biomass 10;node012;1. Committed DA;1;1,35;0;DA UC;RT;4,91;12120;;;;;1,35;;;;;Biomass 10;0,42;450;0,42;450;6;6;0,27;20%;0,27;Biomass 10;7,16;1,91
Biomass 11;node012;1. Committed DA;1;0,71;0;DA UC;RT;2,58;12120;;;;;0,71;;;;;Biomass 11;0,42;450;0,42;450;6;6;0,14;20%;0,14;Biomass 11;3,76;1,91
Biomass 12;node012;1. Committed DA;1;0,71;0;DA UC;RT;2,58;12120;;;;;0,71;;;;;Biomass 12;0,42;450;0,42;450;6;6;0,14;20%;0,14;Biomass 12;3,76;1,91
Biomass 13;node012;1. Committed DA;1;0,71;0;DA UC;RT;2,58;12120;;;;;0,71;;;;;Biomass 13;0,42;450;0,42;450;6;6;0,14;20%;0,14;Biomass 13;3,76;1,91
Biomass 14;node012;1. Committed DA;1;1,57;0;DA UC;RT;5,71;12120;;;;;1,57;;;;;Biomass 14;0,42;450;0,42;450;6;6;0,31;20%;0,31;Biomass 14;8,32;1,91
Biomass 15;node012;1. Committed DA;1;0,65;0;DA UC;RT;2,36;12120;;;;;0,65;;;;;Biomass 15;0,42;450;0,42;450;6;6;0,13;20%;0,13;Biomass 15;3,45;1,91
Biomass 16;node012;1. Committed DA;1;0,65;0;DA UC;RT;2,36;12120;;;;;0,65;;;;;Biomass 16;0,42;450;0,42;450;6;6;0,13;20%;0,13;Biomass 16;3,45;1,91
Biomass 17;node012;1. Committed DA;1;0,65;0;DA UC;RT;2,36;12120;;;;;0,65;;;;;Biomass 17;0,42;450;0,42;450;6;6;0,13;20%;0,13;Biomass 17;3,45;1,91
Biomass 18;node012;1. Committed DA;1;0,65;0;DA UC;RT;2,36;12120;;;;;0,65;;;;;Biomass 18;0,42;450;0,42;450;6;6;0,13;20%;0,13;Biomass 18;3,45;1,91
Biomass 19;node012;1. Committed DA;1;0,45;0;DA UC;RT;1,64;12120;;;;;0,45;;;;;Biomass 19;0,42;450;0,42;450;6;6;0,09;20%;0,09;Biomass 19;2,39;1,91
Biomass 20;node012;1. Committed DA;1;0,45;0;DA UC;RT;1,64;12120;;;;;0,45;;;;;Biomass 20;0,42;450;0,42;450;6;6;0,09;20%;0,09;Biomass 20;2,39;1,91
Biomass 21;node012;1. Committed DA;1;0,45;0;DA UC;RT;1,64;12120;;;;;0,45;;;;;Biomass 21;0,42;450;0,42;450;6;6;0,09;20%;0,09;Biomass 21;2,39;1,91
Biomass 22;node012;1. Committed DA;1;0,45;0;DA UC;RT;1,64;12120;;;;;0,45;;;;;Biomass 22;0,42;450;0,42;450;6;6;0,09;20%;0,09;Biomass 22;2,39;1,91
Biomass 23;node012;1. Committed DA;1;1;0;DA UC;RT;3,64;12120;;;;;1;;;;;Biomass 23;0,42;450;0,42;450;6;6;0,2;20%;0,2;Biomass 23;5,3;1,91
Biomass 24;node012;1. Committed DA;1;1;0;DA UC;RT;3,64;12120;;;;;1;;;;;Biomass 24;0,42;450;0,42;450;6;6;0,2;20%;0,2;Biomass 24;5,3;1,91
Biomass 25;node012;1. Committed DA;1;1;0;DA UC;RT;3,64;12120;;;;;1;;;;;Biomass 25;0,42;450;0,42;450;6;6;0,2;20%;0,2;Biomass 25;5,3;1,91
Biomass 26;node012;1. Committed DA;1;1,9;0;DA UC;RT;9,69;11819,23;12422,19;13814,7;;;0,95;1,52;1,9;;;Biomass 26;0,19;450;0,18;450;8;8;0,57;30%;0,57;Biomass 26;10,07;1,91
Biomass 27;node012;1. Committed DA;1;1,9;0;DA UC;RT;9,69;11819,23;12422,19;13814,7;;;0,95;1,52;1,9;;;Biomass 27;0,19;450;0,18;450;8;8;0,57;30%;0,57;Biomass 27;10,07;1,91
Biomass 28;node012;1. Committed DA;1;1,9;0;DA UC;RT;9,69;11819,23;12422,19;13814,7;;;0,95;1,52;1,9;;;Biomass 28;0,19;450;0,18;450;8;8;0,57;30%;0,57;Biomass 28;10,07;1,91
Biomass 29;node012;1. Committed DA;1;1,9;0;DA UC;RT;9,69;11819,23;12422,19;13814,7;;;0,95;1,52;1,9;;;Biomass 29;0,19;450;0,18;450;8;8;0,57;30%;0,57;Biomass 29;10,07;1,91
Biomass 30;node012;1. Committed DA;1;1,9;0;DA UC;RT;9,69;11819,23;12422,19;13814,7;;;0,95;1,52;1,9;;;Biomass 30;0,19;450;0,18;450;8;8;0,57;30%;0,57;Biomass 30;10,07;1,91
Biomass 31;node012;1. Committed DA;1;1,9;0;DA UC;RT;9,69;11819,23;12422,19;13814,7;;;0,95;1,52;1,9;;;Biomass 31;0,19;450;0,18;450;8;8;0,57;30%;0,57;Biomass 31;10,07;1,91
Biomass 32;node012;1. Committed DA;1;1,9;0;DA UC;RT;6,91;12120;;;;;1,9;;;;;Biomass 32;0,42;450;0,42;450;6;6;0,57;30%;0,57;Biomass 32;10,07;1,91
Biomass 33;node103;1. Committed DA;1;1,6;0;DA UC;RT;5,69;11855;;;;;1,6;;;;;Biomass 33;0,42;450;0,42;450;8;5;0,48;30%;0,48;Biomass 33;8,48;1,91
Biomass 34;node103;1. Committed DA;1;1,6;0;DA UC;RT;5,69;11855;;;;;1,6;;;;;Biomass 34;0,42;450;0,42;450;8;5;0,48;30%;0,48;Biomass 34;8,48;1,91
Biomass 35;node103;1. Committed DA;1;1,6;0;DA UC;RT;5,69;11855;;;;;1,6;;;;;Biomass 35;0,42;450;0,42;450;8;5;0,48;30%;0,48;Biomass 35;8,48;1,91
Biomass 36;node103;1. Committed DA;1;1,6;0;DA UC;RT;5,69;11855;;;;;1,6;;;;;Biomass 36;0,42;450;0,42;450;8;5;0,48;30%;0,48;Biomass 36;8,48;1,91
Biomass 37;node103;1. Committed DA;1;0,95;0;DA UC;RT;3,45;12120;;;;;0,95;;;;;Biomass 37;0,42;450;0,42;450;6;6;0,28;29%;0,28;Biomass 37;5,04;1,91
Biomass 38;node103;1. Committed DA;1;0,95;0;DA UC;RT;3,45;12120;;;;;0,95;;;;;Biomass 38;0,42;450;0,42;450;6;6;0,19;20%;0,19;Biomass 38;5,04;1,91
Biomass 39;node103;1. Committed DA;1;0,95;0;DA UC;RT;3,45;12120;;;;;0,95;;;;;Biomass 39;0,42;450;0,42;450;6;6;0,19;20%;0,19;Biomass 39;5,04;1,91
Biomass 40;node103;1. Committed DA;1;0,95;0;DA UC;RT;3,45;12120;;;;;0,95;;;;;Biomass 40;0,42;450;0,42;450;6;6;0,19;20%;0,19;Biomass 40;5,04;1,91
Biomass 41;node103;1. Committed DA;1;1,88;0;DA UC;RT;6,84;12120;;;;;1,88;;;;;Biomass 41;0,42;450;0,42;450;8;8;0,56;30%;0,56;Biomass 41;9,96;1,91
Biomass 42;node103;1. Committed DA;1;1,88;0;DA UC;RT;6,84;12120;;;;;1,88;;;;;Biomass 42;0,42;450;0,42;450;8;8;0,56;30%;0,56;Biomass 42;9,96;1,91
Biomass 43;node103;1. Committed DA;1;3,75;0;DA UC;RT;16,81;10389,48;10919,5;12143,56;;;1,88;3;3,75;;;Biomass 43;0,06;450;0,07;450;8;8;1,12;30%;1,12;Biomass 43;19,88;1,91
Biomass 44;node103;1. Committed DA;1;2,29;0;DA UC;RT;8,33;12120;;;;;2,29;;;;;Biomass 44;0,42;450;0,42;450;8;5;0,69;30%;0,69;Biomass 44;12,14;1,91
Biomass 45;node103;1. Committed DA;1;2,29;0;DA UC;RT;8,33;12120;;;;;2,29;;;;;Biomass 45;0,42;450;0,42;450;8;5;0,69;30%;0,69;Biomass 45;12,14;1,91
Biomass 46;node103;1. Committed DA;1;1,2;0;DA UC;RT;4,36;12120;;;;;1,2;;;;;Biomass 46;0,42;450;0,42;450;8;5;0,36;30%;0,36;Biomass 46;6,36;1,91
Biomass 47;node103;1. Committed DA;1;3;0;DA UC;RT;12,46;13849;;;;;3;;;;;Biomass 47;0,42;450;0,42;450;8;5;0,9;30%;0,9;Biomass 47;15,9;1,91
Biomass 48;node103;1. Committed DA;1;3;0;DA UC;RT;12,46;13849;;;;;3;;;;;Biomass 48;0,42;450;0,42;450;8;5;0,9;30%;0,9;Biomass 48;15,9;1,91
Biomass 49;node103;1. Committed DA;1;1,6;0;DA UC;RT;5,82;12120;;;;;1,6;;;;;Biomass 49;0,42;450;0,42;450;6;6;0,32;20%;0,32;Biomass 49;8,48;1,91
Biomass 50;node103;1. Committed DA;1;0,9;0;DA UC;RT;3,27;12120;;;;;0,9;;;;;Biomass 50;0,42;450;0,42;450;6;6;0,27;30%;0,27;Biomass 50;4,77;1,91
Biomass 51;node103;1. Committed DA;1;0,9;0;DA UC;RT;3,27;12120;;;;;0,9;;;;;Biomass 51;0,42;450;0,42;450;6;6;0,18;20%;0,18;Biomass 51;4,77;1,91
Biomass 52;node103;1. Committed DA;1;3;0;DA UC;RT;10,91;12120;;;;;3;;;;;Biomass 52;0,42;450;0,42;450;6;6;0,9;30%;0,9;Biomass 52;15,9;1,91
Biomass 53;node034;1. Committed DA;1;3;0;DA UC;RT;10,91;12120;;;;;3;;;;;Biomass 53;0,42;450;0,42;450;6;6;0,6;20%;0,6;Biomass 53;15,9;1,91
Biomass 54;node034;1. Committed DA;1;3;0;DA UC;RT;10,91;12120;;;;;3;;;;;Biomass 54;0,42;450;0,42;450;6;6;0,6;20%;0,6;Biomass 54;15,9;1,91
Biomass 55;node034;1. Committed DA;1;3;0;DA UC;RT;10,91;12120;;;;;3;;;;;Biomass 55;0,42;450;0,42;450;6;6;0,6;20%;0,6;Biomass 55;15,9;1,91
Biomass 56;node012;1. Committed DA;1;4,6;0;DA UC;RT;16,73;12120;;;;;4,6;;;;;Biomass 56;0,42;450;0,42;450;8;8;1,38;30%;1,38;Biomass 56;24,38;1,91
Biomass 57;node012;1. Committed DA;1;3;0;DA UC;RT;10,91;12120;;;;;3;;;;;Biomass 57;0,42;450;0,42;450;8;8;0,9;30%;0,9;Biomass 57;15,9;1,91
Biomass 58;node012;1. Committed DA;1;3;0;DA UC;RT;10,91;12120;;;;;3;;;;;Biomass 58;0,42;450;0,42;450;8;8;0,9;30%;0,9;Biomass 58;15,9;1,91
Biomass 59;node012;1. Committed DA;1;4,6;0;DA UC;RT;16,73;12120;;;;;4,6;;;;;;0,42;450;0,42;450;8;8;1,38;30%;1,38;;24,38;1,91
Biomass 60;node012;1. Committed DA;1;3;0;DA UC;RT;10,91;12120;;;;;3;;;;;;0,42;450;0,42;450;8;8;0,9;30%;0,9;;15,9;1,91
Biomass 61;node103;1. Committed DA;1;1,88;0;DA UC;RT;6,84;12120;;;;;1,88;;;;;Biomass 61;0,42;450;0,42;450;8;8;0,56;30%;0,56;Biomass 61;9,96;1,91
Biomass 62;node034;1. Committed DA;1;7,5;0;DA UC;RT;30,38;13500;;;;;7,5;;;;;Biomass 62;0,42;450;0,42;450;8;5;2,25;30%;2,25;Biomass 62;39,75;1,91
CC NG 01;node012;1. Committed DA;1;41,5;0;DA UC;RT;316,78;6489;;;;;41,5;;;;;CC NG 01;0,28;450;0,28;450;6;8;41,08;99%;12,45;CC NG 01;3475,54;1,08
CC NG 03;node012;1. Committed DA;1;126,98;0;DA UC;RT;817,44;5148,45;;;;;126,98;;;;;CC NG 03;1,06;450;1,07;450;4;8;20;16%;20;CC NG 03;10634,31;1,08
CC NG 04;node012;1. Committed DA;1;320;0;DA UC;RT;1305,53;6460,42;;;;;320;;;;;CC NG 04;2,5;450;2,5;450;4;8;160;50%;160;CC NG 04;26799,33;1,08
CC NG 05;node074;1. Committed DA;1;100;0;DA UC;RT;643,53;5369,87;;;;;100;;;;;CC NG 05;0,73;450;0,73;450;8;12;99;99%;30;CC NG 05;8374,79;1,08
CC NG 06;node012;1. Committed DA;1;13,5;0;DA UC;RT;38,9;9626,45;9685,06;9765,02;9925,4;;4,32;7,29;9,86;13,5;;CC NG 06;2,5;450;2,5;450;6;6;4,05;30%;4,05;CC NG 06;1130,6;1,08
CC NG 07;node103;1. Committed DA;1;55,1;0;DA UC;RT;505,73;6489;;;;;55,1;;;;;CC NG 07;0,39;450;0,4;450;4;8;20;36%;20;CC NG 07;4614,51;1,08
CC NG 08;node112;1. Committed DA;1;14,3;0;DA UC;RT;64,73;7167,45;;;;;14,3;;;;;CC NG 08;2,5;450;2,5;450;6;6;4,29;30%;4,29;CC NG 08;1197,59;1,08
CC NG 09;node107;1. Committed DA;1;33;0;DA UC;RT;149,37;7167,45;;;;;33;;;;;CC NG 09;2,5;450;2,5;450;6;6;32,67;99%;9,9;CC NG 09;2763,68;1,08
CC NG 10;node036;1. Committed DA;1;71,51;0;DA UC;RT;206,735;8680,7765;8730,37;;;;65,54;71,51;;;;CC NG 10;2,5;450;2,5;450;4;8;21,45299911;30%;21,45299911;CC NG 10;5988,812988;1,081302047
CC NG 11;node066;1. Committed DA;1;596,4;0;DA UC;RT;2610,27;5614,22;6065,79;6523,46;6981,34;;395,12;462,21;529,3;596,4;;CC NG 11;2,5;450;2,5;450;4;8;328,02;55%;328,02;CC NG 11;49947,25;1,08
CC NG 12;node046;1. Committed DA;1;150;0;DA UC;RT;776,77;8872,48;9368,83;10187,22;;;87,92;116,94;150;;;CC NG 12;2,67;450;2,67;450;4;8;60;40%;60;CC NG 12;12562,18;1,08
CC NG 13;node012;1. Committed DA;1;57,3;0;DA UC;RT;437,38;6489;;;;;57,3;;;;;CC NG 13;0,41;450;0,4;450;6;8;20;35%;20;CC NG 13;4798,75;1,08
CC NG 14;node049;1. Committed DA;1;164,75;0;DA UC;RT;683,65;7319,01;7907,7;8504,34;9101,27;;109,15;127,68;146,22;164,75;;CC NG 14;1,31;450;1,3;450;4;8;65,9;40%;65,9;CC NG 14;13797,47;1,08
CC NG 15;node034;1. Committed DA;1;27;0;DA UC;RT;125,42;10411,8;11151,78;12284,3;;;13,5;21,6;27;;;CC NG 15;2,67;450;2,67;450;2;2;8,1;30%;8,1;CC NG 15;2261,19;1,08
CC NG 16;node012;1. Committed DA;1;943,5;0;DA UC;RT;3841,14;5378,45;5811,05;6249,5;6688,16;9000;606,92;709,98;813,04;916,1;943,5;CC NG 16;6,65;450;6,65;450;4;8;503,86;53%;503,86;CC NG 16;79016,14;1,08
CC NG 17;node025;1. Committed DA;1;154,4;0;DA UC;RT;729,19;6058,06;6545,33;7039,18;7533,27;;102,29;119,66;137,03;154,4;;CC NG 17;2,5;450;2,5;450;4;8;84,92;55%;84,92;CC NG 17;12930,68;1,08
CC NG 18;node113;1. Committed DA;1;619;0;DA UC;RT;2359,7;5433,32;5870,34;6313,26;6756,4;8722,11;337,84;395,21;452,58;509,95;619;CC NG 18;4,42;450;4,42;450;4;8;306,4;49%;306,4;CC NG 18;51839,95;1,08
CC NG 19;node012;1. Committed DA;1;140;0;DA UC;RT;497,91;4983,78;5384,64;5790,91;6197,38;7450,02;84,9;99,32;113,74;128,15;140;CC NG 19;0,88;450;0,87;450;4;8;70,48;50%;70,48;CC NG 19;11724,71;1,08
CC NG 20;node025;1. Committed DA;1;25,8;0;DA UC;RT;390,91;6489;;;;;25,8;;;;;CC NG 20;2,67;450;2,67;450;2;2;25,54;99%;7,74;CC NG 20;2160,7;1,08
CC NG 21;node026;1. Committed DA;1;315;0;DA UC;RT;832,56;8072,62;;;;;315;;;;;CC NG 21;2,5;450;2,5;450;4;8;141,75;45%;141,75;CC NG 21;26380,59;1,08
CC NG 22;node026;1. Committed DA;1;677,8;0;DA UC;RT;2669,45;4793,24;5116,49;5439,73;5762,98;8312,11;433,02;494,88;556,74;618,6;677,8;CC NG 22;7,97;450;7,97;450;4;8;385,59;57%;385,59;CC NG 22;56764,33;1,08
CC NG 23;node010;1. Committed DA;1;636;0;DA UC;RT;2515,62;5442,6;5880,36;6324,04;6767,93;9080,23;400,74;468,8;536,85;604,9;636;CC NG 23;5,69;450;5,68;450;4;8;326,09;51%;326,09;CC NG 23;53263,66;1,08
CC NG 24;node025;1. Committed DA;1;672,3;0;DA UC;RT;2419;6330,73;;;;;672,3;;;;;CC NG 24;2,5;450;2,5;450;4;8;302,54;45%;302,54;CC NG 24;56303,71;1,08
CC NG 25;node010;1. Committed DA;1;32,49;0;DA UC;RT;248;6489;;;;;32,49;;;;;CC NG 25;0,22;450;0,22;450;4;8;32,17;99%;9,747;CC NG 25;2720,97;1,08
CC NG 26;node010;1. Committed DA;1;655;0;DA UC;RT;1886,4;7200;;;;;655;;;;;CC NG 26;3,01;450;3;450;4;8;262;40%;262;CC NG 26;54854,88;1,08
CC NG 27;node004;1. Committed DA;1;34,5;0;DA UC;RT;263,34;6489;;;;;34,5;;;;;CC NG 27;0,25;450;0,25;450;4;8;34,15;99%;10,35;CC NG 27;2889,3;1,08
CC NG 28;node100;1. Committed DA;1;181,5;0;DA UC;RT;882,2746;6997,74;;;;;181,5;;;;;CC NG 28;2,5;450;2,5;450;4;8;99,82499695;55%;99,82499695;CC NG 28;15200,24023;1,081302047
CC NG 29;node107;1. Committed DA;1;49,9;0;DA UC;RT;380,9;6489;;;;;49,9;;;;;CC NG 29;0,42;450;0,42;450;6;8;49,4;99%;14,97;CC NG 29;4179,02;1,08
CC NG 31;node089;1. Committed DA;1;336,5;0;DA UC;RT;1470,72;5606,43;6057,37;6514,41;6971,66;;222,93;260,79;298,64;336,5;;CC NG 31;2,5;450;2,5;450;4;8;185,07;55%;185,07;CC NG 31;28181,17;1,08
CC NG 32;node090;1. Committed DA;1;38,55;0;DA UC;RT;610,51;6489;;;;;38,55;;;;;CC NG 32;1,17;450;1,17;450;2;2;38,16;99%;11,565;CC NG 32;3228,48;1,08
CC NG 33;node090;1. Committed DA;1;24,88;0;DA UC;RT;71,69;9626,45;9685,06;9765,02;9925,4;;24,64;24,72;24,78;24,88;;CC NG 33;2,5;450;2,5;450;8;8;24,63;99%;7,464;CC NG 33;2083,65;1,08
CC NG 34;node087;1. Committed DA;1;688,3;0;DA UC;RT;2539,18;5298,86;5725,06;6157,02;6589,19;8749,29;378,24;442,47;506,7;570,92;688,3;CC NG 34;5,61;450;5,62;450;4;8;338,08;49%;338,08;CC NG 34;57643,68;1,08
CC NG 35;node089;1. Committed DA;1;595;0;DA UC;RT;2286,38;5407,71;5842,67;6283,5;6724,55;9000;359,3;420,32;481,33;542,35;595;CC NG 35;3,69;450;3,68;450;4;8;298,29;50%;298,29;CC NG 35;49830;1,08
CC NG 36;node087;1. Committed DA;1;668;0;DA UC;RT;2818,21;5411,77;5847,05;6288,21;6729,59;;442,55;517,7;592,85;668;;CC NG 36;2,5;450;2,5;450;4;8;367,4;55%;367,4;CC NG 36;55943,6;1,08
CC NG 37;node065;1. Committed DA;1;636;0;DA UC;RT;2241,39;5196,53;5583,89;5971,25;6358,61;8996,73;363,43;460,34;533,03;593,6;636;CC NG 37;6,69;450;6,68;450;4;8;298,19;47%;298,19;CC NG 37;53263,66;1,08
CC NG 38;node049;1. Committed DA;1;98,2;0;DA UC;RT;335,64;5546,49;5992,61;6444,76;6897,12;9000;51,43;60,16;68,89;77,62;98,2;CC NG 38;2,5;450;2,5;450;4;8;42,69;43%;42,69;CC NG 38;8224,04;1,08
CC NG 39;node018;1. Committed DA;1;247;0;DA UC;RT;2132,11;6489;;;;;247;;;;;CC NG 39;2,02;450;2,03;450;4;8;244,53;99%;74,1;CC NG 39;20685,73;1,08
CC NG 40;node107;1. Committed DA;1;751,1;0;DA UC;RT;971,04;5639,614;6093,222;6552,962;7012,919;;540,1;631,8;723,5;749,9;;;1,856;450;1,85;450;4;8;412,5;55%;412,5;;62810,93;1,08
CT NG 01;node006;2. Committed RT;1;25,4;-1;;;133,1;8978,49;9480,76;10308,93;;;17,78;22,86;25,4;;;CT NG 1;2,67;450;2,67;450;2;2;11,43;45%;11,43;CT NG 1;861,65;0,7
CT NG 02;node018;2. Committed RT;1;25,4;-1;;;132,96;8968,93;9470,68;10297,97;;;17,57;22,65;25,4;;;CT NG 2;2,67;450;2,67;450;2;2;11,43;45%;11,43;CT NG 2;861,65;0,7
CT NG 03;node004;2. Committed RT;1;24,75;-1;;;129,7;8978,49;9480,76;10308,93;;;17,32;22,27;24,75;;;CT NG 3;2,67;450;2,67;450;2;2;11,14;45%;11,14;CT NG 3;839,6;0,7
CT NG 04;node004;2. Committed RT;1;24,75;-1;;;129,7;8978,49;9480,76;10308,93;;;17,32;22,27;24,75;;;CT NG 4;2,67;450;2,67;450;2;2;11,14;45%;11,14;CT NG 4;839,6;0,7
CT NG 05;node004;2. Committed RT;1;49,9;-1;;;254,25;10178,88;11005,58;12879,82;;;24,95;39,92;49,9;;;CT NG 5;1,33;450;1,33;450;2;2;14,97;30%;14,97;CT NG 5;1692,77;0,7
CT NG 06;node006;2. Committed RT;1;49,9;-1;;;254,25;10178,88;11005,58;12879,82;;;24,95;39,92;49,9;;;CT NG 6;1,33;450;1,33;450;2;2;14,97;30%;14,97;CT NG 6;1692,77;0,7
CT NG 07;node006;2. Committed RT;1;49,9;-1;;;254,25;10178,88;11005,58;12879,82;;;24,95;39,92;49,9;;;CT NG 7;1,33;450;1,33;450;2;2;14,97;30%;14,97;CT NG 7;1692,77;0,7
CT NG 08;node008;2. Committed RT;1;50;-1;;;242,98;9973,58;11137,16;12586,88;;;25;40;50;;;;1,67;450;1,67;450;2;2;15;30%;15;;1696,16;0,7
CT NG 09;node008;2. Committed RT;1;50;-1;;;256;8772,26;9263;10072,15;;;29,26;36,33;50;;;CT NG 9;1,97;450;1,97;450;1;1;25;50%;25;CT NG 9;1696,16;0,7
CT NG 10;node008;2. Committed RT;1;50;-1;;;256;8772,26;9263;10072,15;;;29,26;36,33;50;;;CT NG 10;1,97;450;1,97;450;1;1;25;50%;25;CT NG 10;1696,16;0,7
CT NG 11;node010;2. Committed RT;1;50;-1;;;256;8772,26;9263;10072,15;;;29,26;36,33;50;;;CT NG 11;1,97;450;1,97;450;1;1;25;50%;25;CT NG 11;1696,16;0,7
CT NG 12;node010;2. Committed RT;1;50;-1;;;256;8772,26;9263;10072,15;;;29,26;36,33;50;;;CT NG 12;1,97;450;1,97;450;1;1;25;50%;25;CT NG 12;1696,16;0,7
CT NG 13;node006;2. Committed RT;1;21,6;-1;;;104,97;9973,58;11137,16;12586,88;;;21,45;21,54;21,6;;;CT NG 13;0,67;450;0,67;450;1;1;21,3;99%;6,48;CT NG 13;732,74;0,7
CT NG 14;node006;2. Committed RT;1;21,6;-1;;;104,97;9973,58;11137,16;12586,88;;;21,45;21,54;21,6;;;CT NG 14;0,67;450;0,67;450;1;1;21,3;99%;6,48;CT NG 14;732,74;0,7
CT NG 15;node025;2. Committed RT;1;21,6;-1;;;104,97;9973,58;11137,16;12586,88;;;21,45;21,54;21,6;;;CT NG 15;0,67;450;0,67;450;1;1;21,3;99%;6,48;CT NG 15;732,74;0,7
CT NG 16;node025;2. Committed RT;1;49,9;-1;;;261,49;8978,49;9480,76;10308,93;;;34,93;44,91;49,9;;;CT NG 16;1,33;450;1,33;450;2;2;22,45;45%;22,45;CT NG 16;1692,77;0,7
CT NG 17;node004;2. Committed RT;1;6,9;-1;;;17,33;7651,79;;;;;6,9;;;;;CT NG 17;1;450;1;450;1;1;3,11;45%;3,11;CT NG 17;234,07;0,7
CT NG 18;node004;2. Committed RT;1;3,9;-1;;;9,79;7651,79;;;;;3,9;;;;;CT NG 18;1;450;1;450;1;1;1,75;45%;1,75;CT NG 18;132,3;0,7
CT NG 19;node018;2. Committed RT;1;3,9;-1;;;9,79;7651,79;;;;;3,9;;;;;CT NG 19;1;450;1;450;1;1;1,75;45%;1,75;CT NG 19;132,3;0,7
CT NG 20;node025;2. Committed RT;1;6,9;-1;;;17,33;7651,79;;;;;6,9;;;;;CT NG 20;1;450;1;450;1;1;3,11;45%;3,11;CT NG 20;234,07;0,7
CT NG 21;node085;2. Committed RT;1;100;-1;;;602,19;5609,17;5842,25;6075,34;6308,42;6541,51;36;52;68;84;100;;6,266666667;450;6,266666667;450;1;1;20;20%;20;;3392,320068;0,699666023
CT NG 22;node091;2. Committed RT;1;100;-1;;;602,19;5609,17;5842,25;6075,34;6308,42;6541,51;36;52;68;84;100;;6,27;450;6,27;450;1;1;20;20%;20;;3392,32;0,7
CT NG 23;node091;2. Committed RT;1;100;-1;;;602,19;5609,17;5842,25;6075,34;6308,42;6541,51;36;52;68;84;100;;6,27;450;6,27;450;1;1;20;20%;20;;3392,32;0,7
CT NG 24;node100;2. Committed RT;1;100;-1;;;602,19;5609,17;5842,25;6075,34;6308,42;6541,51;36;52;68;84;100;;6,27;450;6,27;450;1;1;20;20%;20;;3392,32;0,7
CT NG 25;node100;2. Committed RT;1;100;-1;;;602,19;5609,17;5842,25;6075,34;6308,42;6541,51;36;52;68;84;100;;6,27;450;6,27;450;1;1;20;20%;20;;3392,32;0,7
CT NG 26;node100;2. Committed RT;1;100;-1;;;602,19;5609,17;5842,25;6075,34;6308,42;6541,51;36;52;68;84;100;;6,27;450;6,27;450;1;1;20;20%;20;;3392,32;0,7
CT NG 27;node107;2. Committed RT;1;1,05;-1;;;2,64;7651,79;;;;;1,05;;;;;CT NG 27;1;450;1;450;1;1;0;0%;0;CT NG 27;35,62;0,7
CT NG 28;node100;2. Committed RT;1;44,02;-1;;;230,54;10462,6;11312,34;13238,82;;;30,81;39,62;44,02;;;CT NG 28;2,67;450;2,67;450;2;2;13,21;30%;13,21;CT NG 28;1493,3;0,7
CT NG 29;node107;2. Committed RT;1;0,6;-1;;;1,51;7651,79;;;;;0,6;;;;;CT NG 29;1;450;1;450;1;1;0;0%;0;CT NG 29;20,35;0,7
CT NG 30;node090;2. Committed RT;1;18;-1;;;83,61;10411,8;11151,78;12284,3;;;9;14,4;18;;;CT NG 30;2,67;450;2,67;450;2;2;5,4;30%;5,4;CT NG 30;610,62;0,7
CT NG 31;node107;2. Committed RT;1;1,54;-1;;;3,87;7651,79;;;;;1,54;;;;;CT NG 31;1;450;1;450;1;1;0;0%;0;CT NG 31;52,24;0,7
CT NG 32;node107;2. Committed RT;1;1,6;-1;;;4,02;7651,79;;;;;1,6;;;;;CT NG 32;1;450;1;450;1;1;0;0%;0;CT NG 32;54,28;0,7
CT NG 33;node107;2. Committed RT;1;1,3;-1;;;3,26;7651,79;;;;;1,3;;;;;CT NG 33;1;450;1;450;1;1;0;0%;0;CT NG 33;44,1;0,7
CT NG 34;node100;2. Committed RT;1;100;-1;;;535,28;5576,03;5846,54;6117,04;6387,54;6658,05;56;67;78;89;100;CT NG 34;5,33;450;5,33;450;1;1;45;45%;45;CT NG 34;10919,03;0,6
CT NG 35;node100;2. Committed RT;1;100;-1;;;535,28;5576,03;5846,54;6117,04;6387,54;6658,05;56;67;78;89;100;CT NG 35;5,33;450;5,33;450;1;1;45;45%;45;CT NG 35;10919,03;0,6
CT NG 36;node100;2. Committed RT;1;100;-1;;;535,28;5576,03;5846,54;6117,04;6387,54;6658,05;56;67;78;89;100;CT NG 36;5,33;450;5,33;450;1;1;45;45%;45;CT NG 36;10919,03;0,6
CT NG 37;node107;2. Committed RT;1;1,3;-1;;;3,26;7651,79;;;;;1,3;;;;;CT NG 37;1;450;1;450;1;1;0;0%;0;CT NG 37;44,1;0,7
CT NG 38;node090;2. Committed RT;1;9,5;-1;;;23,86;7651,79;;;;;9,5;;;;;CT NG 38;1;450;1;450;1;1;0;0%;0;CT NG 38;322,27;0,7
CT NG 39;node112;2. Committed RT;1;1,3;-1;;;3,26;7651,79;;;;;1,3;;;;;CT NG 39;1;450;1;450;1;1;0;0%;0;CT NG 39;44,1;0,7
CT NG 40;node112;2. Committed RT;1;3,1;-1;;;7,78;7651,79;;;;;3,1;;;;;CT NG 40;1;450;1;450;1;1;0,93;30%;0,93;CT NG 40;105,16;0,7
CT NG 41;node040;2. Committed RT;1;54;-1;;;174,48;7598,82;8210,01;8829,46;9449,21;;37,57;43,2;46,96;54;;CT NG 41;0,8;450;0,8;450;8;8;16,2;30%;16,2;CT NG 41;1831,85;0,7
CT NG 42;node036;2. Committed RT;1;82,4;-1;;;246,08;10473,15;11076,55;;;;49,44;82,4;;;;CT NG 42;1,33;450;1,33;450;2;2;19,78;24%;19,78;CT NG 42;2795,27;0,7
CT NG 43;node062;2. Committed RT;1;25;-1;;;155,2;9250,24;9764,15;;;;17,17;25;;;;CT NG 43;3,47;450;3,47;450;1;1;7,5;30%;7,5;CT NG 43;848,08;0,7
CT NG 44;node055;2. Committed RT;1;60,35;-1;;;316,26;8978,49;9480,76;10308,93;;;42,24;54,31;60,35;;;CT NG 44;1,33;450;1,33;450;2;2;27,16;45%;27,16;CT NG 44;2047,27;0,7
CT NG 45;node055;2. Committed RT;1;60,35;-1;;;316,26;8978,49;9480,76;10308,93;;;42,24;54,31;60,35;;;CT NG 45;1,33;450;1,33;450;2;2;27,16;45%;27,16;CT NG 45;2047,27;0,7
CT NG 46;node026;2. Committed RT;1;180;-1;;;1083,94;5563,63;5786,8;6009,97;6233,13;6456,3;100,8;120,6;140,4;160,2;180;;5,33;450;5,33;450;2;2;81;45%;81;;19654,25;0,6
CT NG 47;node026;2. Committed RT;1;180;-1;;;1083,94;5563,63;5786,8;6009,97;6233,13;6456,3;100,8;120,6;140,4;160,2;180;;5,33;450;5,33;450;2;2;81;45%;81;;19654,25;0,6
CT NG 48;node026;2. Committed RT;1;180;-1;;;1083,94;5563,63;5786,8;6009,97;6233,13;6456,3;100,8;120,6;140,4;160,2;180;;5,33;450;5,33;450;2;2;81;45%;81;;19654,25;0,6
CT NG 49;node026;2. Committed RT;1;180;-1;;;1083,94;5563,63;5786,8;6009,97;6233,13;6456,3;100,8;120,6;140,4;160,2;180;;5,33;450;5,33;450;2;2;81;45%;81;;19654,25;0,6
CT NG 50;node111;2. Committed RT;1;49,96;-1;;;260,68;8939,78;9439,89;10264,49;;;33,53;43,12;49,96;;;CT NG 50;2,67;450;2,67;450;2;2;22,48;45%;22,48;CT NG 50;5455,15;0,6
CT NG 51;node085;2. Committed RT;1;8,57;-1;;;81,45;5597;;;;;8,57;;;;;CT NG 51;0,47;450;0,47;450;8;8;8,48;99%;2,571;CT NG 51;935,76;0,6
CT NG 52;node085;2. Committed RT;1;10,71;-1;;;101,79;5597;;;;;10,71;;;;;CT NG 52;0,47;450;0,47;450;8;8;10,6;99%;3,213;CT NG 52;1169,43;0,6
CT NG 53;node085;2. Committed RT;1;10,71;-1;;;101,79;5597;;;;;10,71;;;;;CT NG 53;0,47;450;0,47;450;8;8;10,6;99%;3,213;CT NG 53;1169,43;0,6
CT NG 54;node111;2. Committed RT;1;49,9;-1;;;262,72;9263,61;;;;;49,9;;;;;CT NG 54;2,67;450;2,67;450;2;2;22,45;45%;22,45;CT NG 54;5448,6;0,6
CT NG 55;node091;2. Committed RT;1;15;-1;;;69,1;10324,71;0;12181,54;;;9,38;9,38;15;;;CT NG 55;2,67;450;2,67;450;2;2;4,5;30%;4,5;CT NG 55;1637,85;0,6
CT NG 56;node111;2. Committed RT;1;46,9;-1;;;243,8;8906,31;9404,55;10226,06;;;30,3;38,96;46,9;;;CT NG 56;2,67;450;2,67;450;2;2;21,1;45%;21,1;CT NG 56;5121,02;0,6
CT NG 66;node111;2. Committed RT;1;45;-1;;;235,82;8978,49;9480,76;10308,93;;;31,5;40,5;45;;;CT NG 66;2,67;450;2,67;450;2;2;20,25;45%;20,25;CT NG 66;4913,56;0,6
CT NG 67;node111;2. Committed RT;1;45;-1;;;235,82;8978,49;9480,76;10308,93;;;31,5;40,5;45;;;CT NG 67;2,67;450;2,67;450;2;2;20,25;45%;20,25;CT NG 67;4913,56;0,6
CT NG 68;node111;2. Committed RT;1;46,7;-1;;;244,39;8966,32;9467,92;10294,97;;;32,27;41,49;46,7;;;CT NG 68;1,53;450;1,53;450;2;2;21,01;45%;21,01;CT NG 68;5099,19;0,6
CT NG 69;node111;2. Committed RT;1;49,5;-1;;;588,75;7673,56;7749,16;7824,76;7900,35;7975,95;27,72;33,16;38,61;44,05;49,5;CT NG 69;2,67;450;2,67;450;2;2;22,27;45%;22,27;CT NG 69;5404,92;0,6
CT NG 70;node111;2. Committed RT;1;44,02;-1;;;229,6;8936,58;9436,52;10260,82;;;29,65;37,73;44,02;;;CT NG 70;2,67;450;2,67;450;2;2;19,81;45%;19,81;CT NG 70;4806,56;0,6
CT NG 71;node111;2. Committed RT;1;44,02;-1;;;229,6;8936,58;9436,52;10260,82;;;29,65;37,73;44,02;;;CT NG 71;2,67;450;2,67;450;2;2;19,81;45%;19,81;CT NG 71;4806,56;0,6
CT NG 72;node112;2. Committed RT;1;50;-1;;;594,7;7677,91;7754,45;7831;7907,54;7984,09;28;33,5;39;44,5;50;;5,33;450;5,33;450;2;2;22,5;45%;22,5;;5459,52;0,6
CT NG 73;node112;2. Committed RT;1;50;-1;;;594,7;7677,91;7754,45;7831;7907,54;7984,09;28;33,5;39;44,5;50;;5,33;450;5,33;450;2;2;22,5;45%;22,5;;5459,52;0,6
CT NG 74;node042;2. Committed RT;1;42;-1;;;170,67;7167,39;7743,89;8328,17;8912,73;;24,02;28,1;32,17;42;;CT NG 74;1,23;450;1,23;450;4;8;16,8;40%;16,8;CT NG 74;4585,99;0,6
CT NG 75;node049;2. Committed RT;1;50,4;-1;;;150,45;10486,36;11082,28;;;;39,9;50,4;;;;CT NG 75;1,33;450;1,33;450;1;1;21,91;43%;21,91;CT NG 75;5503,19;0,6
CT Oil 01;node026;2. Committed RT;1;74,5;-1;;;362,03;9973,58;11137,16;12586,88;;;37,25;59,6;74,5;;;CT Oil 1;1,83;450;1,83;450;2;2;22,35;30%;22,35;CT Oil 1;2369,32;1,91
CT Oil 02;node010;2. Committed RT;1;74,5;-1;;;362,03;9973,58;11137,16;12586,88;;;37,25;59,6;74,5;;;CT Oil 2;1,83;450;1,83;450;2;2;22,35;30%;22,35;CT Oil 2;2369,32;1,91
CT Oil 03;node010;2. Committed RT;1;74,5;-1;;;362,03;9973,58;11137,16;12586,88;;;37,25;59,6;74,5;;;CT Oil 3;1,83;450;1,83;450;2;2;22,35;30%;22,35;CT Oil 3;2369,32;1,91
CT Oil 04;node054;2. Committed RT;1;71,2;-1;;;330,74;10411,8;11151,78;12284,3;;;35,6;56,96;71,2;;;CT Oil 4;1,33;450;1,33;450;2;2;21,36;30%;21,36;CT Oil 4;2264,37;1,91
CT Oil 05;node054;2. Committed RT;1;71,2;-1;;;330,74;10411,8;11151,78;12284,3;;;35,6;56,96;71,2;;;CT Oil 5;1,33;450;1,33;450;2;2;21,36;30%;21,36;CT Oil 5;2264,37;1,91
Geo 01;node055;1. Committed DA;1;22;0;DA UC;RT;45,21;4110;;;;;22;;;;;Geo 01;0,07;450;0,07;450;6;6;11;50%;11;Geo 01;0;2,92
Hydro 01;node056;Hydro;1;75;1;;;;;;;;;;;;;;;0,83;450;0,83;450;1;1;0;0%;0;;;0
Hydro 02;node056;Hydro;1;75;1;;;;;;;;;;;;;;;0,83;450;0,83;450;1;1;0;0%;0;;;0
Hydro 03;node066;Hydro;1;77;1;;;;;;;;;;;;;;;0,86;450;0,86;450;1;1;0;0%;0;;;0
Hydro 04;node076;Hydro;1;77;1;;;;;;;;;;;;;;;0,86;450;0,86;450;1;1;0;0%;0;;;0
Hydro 05;node049;Hydro;1;82;1;;;;;;;;;;;;;;;0,91;450;0,91;450;1;1;0;0%;0;;;0
Hydro 06;node059;Hydro;1;1225,31;1;;;;;;;;;;;;;;;1,58;450;1,58;450;1;1;0;0%;0;;;0
Hydro 07;node059;Hydro;1;1225,31;1;;;;;;;;;;;;;;;1,58;450;1,58;450;1;1;0;0%;0;;;0
Hydro 08;node061;Hydro;1;1225,31;1;;;;;;;;;;;;;;;1,58;450;1,58;450;1;1;0;0%;0;;;0
Hydro 09;node061;Hydro;1;1225,31;1;;;;;;;;;;;;;;;1,58;450;1,58;450;1;1;0;0%;0;;;0
Hydro 10;node062;Hydro;1;1225,31;1;;;;;;;;;;;;;;;1,58;450;1,58;450;1;1;0;0%;0;;;0
Hydro 11;node076;Hydro;1;810,77;1;;;;;;;;;;;;;;;0,78;450;0,78;450;1;1;0;0%;0;;;0
Hydro 12;node077;Hydro;1;810,78;1;;;;;;;;;;;;;;;0,78;450;0,78;450;1;1;0;0%;0;;;0
Hydro 13;node059;Hydro;1;46,7;1;;;;;;;;;;;;;;;0,52;450;0,52;450;1;1;0;0%;0;;;0
Hydro 14;node099;Hydro;1;110;1;;;;;;;;;;;;;;;1,22;450;1,22;450;1;1;0;0%;0;;;0
Hydro 15;node080;Hydro;1;140;1;;;;;;;;;;;;;;;1,56;450;1,56;450;1;1;0;0%;0;;;0
Hydro 16;node032;Hydro;1;0,8;1;;;;;;;;;;;;;;;0,01;450;0,01;450;1;1;0;0%;0;;;0
Hydro 17;node112;Hydro;1;1,35;1;;;;;;;;;;;;;;;0,02;450;0,02;450;1;1;0;0%;0;;;0
Hydro 18;node112;Hydro;1;4,65;1;;;;;;;;;;;;;;;0,05;450;0,05;450;1;1;0;0%;0;;;0
Hydro 19;node116;Hydro;1;648,44;1;;;;;;;;;;;;;;;0,61;450;0,61;450;1;1;0;0%;0;;;0
Hydro 20;node077;Hydro;1;765,77;1;;;;;;;;;;;;;;;0,8;450;0,8;450;1;1;0;0%;0;;;0
Hydro 21;node099;Hydro;1;765,77;1;;;;;;;;;;;;;;;0,8;450;0,8;450;1;1;0;0%;0;;;0
Hydro 22;node099;Hydro;1;765,77;1;;;;;;;;;;;;;;;0,8;450;0,8;450;1;1;0;0%;0;;;0
Hydro 23;node069;Hydro;1;742,63;1;;;;;;;;;;;;;;;0,95;450;0,95;450;1;1;0;0%;0;;;0
Hydro 24;node069;Hydro;1;742,63;1;;;;;;;;;;;;;;;0,95;450;0,95;450;1;1;0;0%;0;;;0
Hydro 25;node061;Hydro;1;286,46;1;;;;;;;;;;;;;;;0,43;450;0,43;450;1;1;0;0%;0;;;0
Hydro 26;node116;Hydro;1;286,46;1;;;;;;;;;;;;;;;0,43;450;0,43;450;1;1;0;0%;0;;;0
Hydro 27;node080;Hydro;1;286,46;1;;;;;;;;;;;;;;;0,43;450;0,43;450;1;1;0;0%;0;;;0
Hydro 28;node080;Hydro;1;1116,06;1;;;;;;;;;;;;;;;1,67;450;1,67;450;1;1;0;0%;0;;;0
Hydro 29;node080;Hydro;1;1116,06;1;;;;;;;;;;;;;;;1,67;450;1,67;450;1;1;0;0%;0;;;0
Hydro 30;node034;Hydro;1;0,1;1;;;;;;;;;;;;;;;0;450;0;450;1;1;0;0%;0;;;0
Hydro 31;node034;Hydro;0;0,4;1;;;;;;;;;;;;;;;0;450;0;450;1;1;0;0%;0;;;0
Hydro 32;node034;Hydro;1;0,48;1;;;;;;;;;;;;;;;0,01;450;0,01;450;1;1;0;0%;0;;;0
Hydro 33;node069;Hydro;1;1112,39;1;;;;;;;;;;;;;;;1,06;450;1,06;450;1;1;0;0%;0;;;0
Hydro 34;node069;Hydro;1;1112,39;1;;;;;;;;;;;;;;;1,06;450;1,06;450;1;1;0;0%;0;;;0
Hydro 35;node034;Hydro;1;0,24;1;;;;;;;;;;;;;;;0;450;0;450;1;1;0;0%;0;;;0
Hydro 36;node034;Hydro;1;10,76;1;;;;;;;;;;;;;;;0,02;450;0,02;450;1;1;0;0%;0;;;0
Hydro 37;node036;Hydro;1;47,1;1;;;;;;;;;;;;;;;;;;;1;1;0;0%;0;;;0
Hydro 38;node034;Hydro;1;2,46;1;;;;;;;;;;;;;;;;;;;1;1;0;0%;0;;;0
Hydro 39;node034;Hydro;1;2,46;1;;;;;;;;;;;;;;;;;;;1;1;0;0%;0;;;0
Hydro 40;node065;Hydro;1;96,93;1;;;;;;;;;;;;;;;;;;;1;1;0;0%;0;;;0
Hydro 41;node046;Hydro;1;96,26;1;;;;;;;;;;;;;;;;;;;1;1;0;0%;0;;;0
Hydro 42;node042;Hydro;1;96,26;1;;;;;;;;;;;;;;;;;;;1;1;0;0%;0;;;0
Hydro 43;node099;Hydro;1;111,93;1;;;;;;;;;;;;;;;;;;;1;1;0;0%;0;;;0
ICE NG 01;node112;2. Committed RT;1;3,25;-1;;;9,12;7874,12;;;;;3,25;;;;;ICE NG 1;4,17;450;4,17;450;1;1;0;0%;0;ICE NG 1;34,45;2,12
ICE NG 02;node056;2. Committed RT;1;8,4;-1;;;15,81;7922,92;;;;;8,4;;;;;ICE NG 2;1;450;1;450;3;5;1,68;20%;1,68;ICE NG 2;44,52;1,91
ICE NG 03;node065;2. Committed RT;1;8,4;-1;;;15,81;7922,92;;;;;8,4;;;;;ICE NG 3;1;450;1;450;3;5;1,68;20%;1,68;ICE NG 3;44,52;1,91
ICE NG 04;node065;2. Committed RT;1;8,4;-1;;;15,81;7922,92;;;;;8,4;;;;;ICE NG 4;1;450;1;450;3;5;1,68;20%;1,68;ICE NG 4;44,52;1,91
ICE NG 05;node077;2. Committed RT;1;8,4;-1;;;15,81;7922,92;;;;;8,4;;;;;ICE NG 5;1;450;1;450;3;5;1,68;20%;1,68;ICE NG 5;44,52;1,91
ICE NG 06;node077;2. Committed RT;1;8,4;-1;;;15,81;7922,92;;;;;8,4;;;;;ICE NG 6;1;450;1;450;3;5;1,68;20%;1,68;ICE NG 6;44,52;1,91
ICE NG 07;node034;2. Committed RT;1;8,4;-1;;;15,81;7922,92;;;;;8,4;;;;;ICE NG 7;1;450;1;450;3;5;1,68;20%;1,68;ICE NG 7;44,52;1,91
Solar 01;node032;Solar;1;746,76;1;;;;;;;;;;;;;;;;;;;;;0;0%;0;;;
Solar 02;node092;Solar;1;369,26;1;;;;;;;;;;;;;;;;;;;;;0;0%;0;;;
Solar 03;node054;Solar;1;264,47;1;;;;;;;;;;;;;;;;;;;;;0;0%;0;;;
Solar 04;node032;Solar;1;4,85;1;;;;;;;;;;;;;;;;;;;;;0;0%;0;;;
Solar 05;node018;Solar;1;0,12;1;;;;;;;;;;;;;;;;;;;;;0;0%;0;;;
Solar 06;node018;Solar;1;6,33;1;;;;;;;;;;;;;;;;;;;;;0;0%;0;;;
Solar 07;node018;Solar;1;0,21;1;;;;;;;;;;;;;;;;;;;;;0;0%;0;;;
Solar 08;node018;Solar;1;2,51;1;;;;;;;;;;;;;;;;;;;;;0;0%;0;;;
Solar 09;node018;Solar;1;12,85;1;;;;;;;;;;;;;;;;;;;;;0;0%;0;;;
Solar 10;node015;Solar;1;9,71;1;;;;;;;;;;;;;;;;;;;;;0;0%;0;;;
Solar 11;node015;Solar;1;1,98;1;;;;;;;;;;;;;;;;;;;;;0;0%;0;;;
Solar 12;node015;Solar;1;1,54;1;;;;;;;;;;;;;;;;;;;;;0;0%;0;;;
Solar 13;node015;Solar;1;0,26;1;;;;;;;;;;;;;;;;;;;;;0;0%;0;;;
Solar 14;node015;Solar;1;11,71;1;;;;;;;;;;;;;;;;;;;;;0;0%;0;;;
Solar 15;node015;Solar;1;10,53;1;;;;;;;;;;;;;;;;;;;;;0;0%;0;;;
Solar 16;node015;Solar;1;6,6;1;;;;;;;;;;;;;;;;;;;;;0;0%;0;;;
Solar 17;node015;Solar;1;3,01;1;;;;;;;;;;;;;;;;;;;;;0;0%;0;;;
Solar 18;node015;Solar;1;12,35;1;;;;;;;;;;;;;;;;;;;;;0;0%;0;;;
Solar 19;node015;Solar;1;0,1;1;;;;;;;;;;;;;;;;;;;;;0;0%;0;;;
Solar 20;node015;Solar;1;10,08;1;;;;;;;;;;;;;;;;;;;;;0;0%;0;;;
Solar 21;node015;Solar;1;18,42;1;;;;;;;;;;;;;;;;;;;;;0;0%;0;;;
Solar 22;node015;Solar;1;8,98;1;;;;;;;;;;;;;;;;;;;;;0;0%;0;;;
Solar 23;node015;Solar;1;0,29;1;;;;;;;;;;;;;;;;;;;;;0;0%;0;;;
Solar 24;node015;Solar;1;1,45;1;;;;;;;;;;;;;;;;;;;;;0;0%;0;;;
Solar 25;node015;Solar;1;1,94;1;;;;;;;;;;;;;;;;;;;;;0;0%;0;;;
Solar 26;node015;Solar;1;1,8;1;;;;;;;;;;;;;;;;;;;;;0;0%;0;;;
Solar 27;node015;Solar;1;1,13;1;;;;;;;;;;;;;;;;;;;;;0;0%;0;;;
Solar 28;node015;Solar;1;8,03;1;;;;;;;;;;;;;;;;;;;;;0;0%;0;;;
Solar 29;node015;Solar;1;8,63;1;;;;;;;;;;;;;;;;;;;;;0;0%;0;;;
Solar 30;node015;Solar;1;4,5;1;;;;;;;;;;;;;;;;;;;;;0;0%;0;;;
Solar 31;node104;Solar;1;116,03;1;;;;;;;;;;;;;;;;;;;;;0;0%;0;;;
Solar 32;node104;Solar;1;173,97;1;;;;;;;;;;;;;;;;;;;;;0;0%;0;;;
Solar 33;node104;Solar;1;132;1;;;;;;;;;;;;;;;;;;;;;0;0%;0;;;
Solar 34;node110;Solar;1;125;1;;;;;;;;;;;;;;;;;;;;;0;0%;0;;;
Solar 35;node104;Solar;1;45;1;;;;;;;;;;;;;;;;;;;;;0;0%;0;;;
Solar 36;node110;Solar;1;128,9;1;;;;;;;;;;;;;;;;;;;;;0;0%;0;;;
Solar 37;node112;Solar;1;26;1;;;;;;;;;;;;;;;;;;;;;0;0%;0;;;
Solar 38;node112;Solar;1;20;1;;;;;;;;;;;;;;;;;;;;;0;0%;0;;;
Solar 39;node112;Solar;1;1,75;1;;;;;;;;;;;;;;;;;;;;;0;0%;0;;;
Solar 40;node112;Solar;1;1,75;1;;;;;;;;;;;;;;;;;;;;;0;0%;0;;;
Solar 41;node112;Solar;1;1,75;1;;;;;;;;;;;;;;;;;;;;;0;0%;0;;;
Solar 42;node112;Solar;1;1,75;1;;;;;;;;;;;;;;;;;;;;;0;0%;0;;;
Solar 43;node112;Solar;1;1,75;1;;;;;;;;;;;;;;;;;;;;;0;0%;0;;;
Solar 44;node112;Solar;1;1,75;1;;;;;;;;;;;;;;;;;;;;;0;0%;0;;;
Solar 45;node112;Solar;1;1,75;1;;;;;;;;;;;;;;;;;;;;;0;0%;0;;;
Solar 46;node112;Solar;1;1,75;1;;;;;;;;;;;;;;;;;;;;;0;0%;0;;;
Solar 47;node112;Solar;1;1,75;1;;;;;;;;;;;;;;;;;;;;;0;0%;0;;;
Solar 48;node112;Solar;1;1,75;1;;;;;;;;;;;;;;;;;;;;;0;0%;0;;;
Solar 49;node112;Solar;1;1,1;1;;;;;;;;;;;;;;;;;;;;;0;0%;0;;;
Solar 50;node112;Solar;1;4,69;1;;;;;;;;;;;;;;;;;;;;;0;0%;0;;;
Solar 51;node112;Solar;1;15,65;1;;;;;;;;;;;;;;;;;;;;;0;0%;0;;;
Solar 52;node112;Solar;1;10,64;1;;;;;;;;;;;;;;;;;;;;;0;0%;0;;;
Solar 53;node112;Solar;1;16,09;1;;;;;;;;;;;;;;;;;;;;;0;0%;0;;;
Solar 54;node112;Solar;1;9,2;1;;;;;;;;;;;;;;;;;;;;;0;0%;0;;;
Solar 55;node112;Solar;1;20,01;1;;;;;;;;;;;;;;;;;;;;;0;0%;0;;;
Solar 56;node112;Solar;1;20,07;1;;;;;;;;;;;;;;;;;;;;;0;0%;0;;;
Solar 57;node112;Solar;1;6,84;1;;;;;;;;;;;;;;;;;;;;;0;0%;0;;;
Solar 58;node112;Solar;1;8,01;1;;;;;;;;;;;;;;;;;;;;;0;0%;0;;;
Solar 59;node105;Solar;1;12,42;1;;;;;;;;;;;;;;;;;;;;;0;0%;0;;;
Solar 60;node105;Solar;1;15,89;1;;;;;;;;;;;;;;;;;;;;;0;0%;0;;;
Solar 61;node105;Solar;1;1,97;1;;;;;;;;;;;;;;;;;;;;;0;0%;0;;;
Solar 62;node069;Solar;1;99,9;1;;;;;;;;;;;;;;;;;;;;;0;0%;0;;;
Solar 63;node019;Solar;1;60;1;;;;;;;;;;;;;;;;;;;;;0;0%;0;;;
Solar 64;node015;Solar;1;21;1;;;;;;;;;;;;;;;;;;;;;0;0%;0;;;
Solar 65;node019;Solar;1;64,8;1;;;;;;;;;;;;;;;;;;;;;0;0%;0;;;
Solar 66;node018;Solar;1;123,5;1;;;;;;;;;;;;;;;;;;;;;0;0%;0;;;
Solar 67;node018;Solar;1;40;1;;;;;;;;;;;;;;;;;;;;;0;0%;0;;;
Solar 68;node105;Solar;1;96;1;;;;;;;;;;;;;;;;;;;;;0;0%;0;;;
Solar 69;node105;Solar;1;123;1;;;;;;;;;;;;;;;;;;;;;0;0%;0;;;
Solar 70;node092;Solar;1;150;1;;;;;;;;;;;;;;;;;;;;;0;0%;0;;;
Solar 71;node100;Solar;1;104,99;1;;;;;;;;;;;;;;;;;;;;;0;0%;0;;;
Solar 72;node105;Solar;1;25,2;1;;;;;;;;;;;;;;;;;;;;;0;0%;0;;;
Solar 73;node069;Solar;1;25;1;;;;;;;;;;;;;;;;;;;;;0;0%;0;;;
Solar 74;node076;Solar;1;25;1;;;;;;;;;;;;;;;;;;;;;0;0%;0;;;
Solar 75;node055;Solar;1;30;1;;;;;;;;;;;;;;;;;;;;;0;0%;0;;;
ST Coal 01;node018;1. Committed DA;1;20;0;DA UC;RT;108,8;10171,43;10548,57;10925,71;11302,86;11718,1;19,84;19,88;19,92;19,96;20;ST Coal 1;3,33;450;3,33;450;24;48;19,8;99%;6;ST Coal 1;3116,69;2,99
ST NG 01;node070;1. Committed DA;1;320;0;DA UC;RT;366,14;9013,97;9230,56;9485,22;9651,8;;100;176,67;253,33;320;;ST NG 1;5,42;450;5,42;450;8;12;25,6;8%;25,6;ST NG 1;25442,4;0,98
ST NG 02;node072;1. Committed DA;1;325;0;DA UC;RT;573,45;8802,98;9132,97;9826,83;10469,94;;98,42;173,88;249,34;325;;ST NG 2;5,33;450;5,33;450;8;12;26;8%;26;ST NG 2;25839,94;0,98
ST NG 03;node025;1. Committed DA;1;712;0;DA UC;RT;1203,68;8598,56;8605,11;9209,27;9973,45;;222,37;392,85;563,34;712;;ST NG 3;11,83;450;11,83;450;8;12;56,96;8%;56,96;ST NG 3;56609,34;0,98
ST NG 04;node019;1. Committed DA;1;62,6;0;DA UC;RT;347,69;4282,1;;;;;62,6;;;;;ST NG 4;0,17;450;0,17;450;8;12;61,97;99%;18,78;ST NG 4;4977,17;0,98
ST NG 05;node024;1. Committed DA;1;62,6;0;DA UC;RT;347,69;4282,1;;;;;62,6;;;;;ST NG 5;0,17;450;0,17;450;8;12;61,97;99%;18,78;ST NG 5;4977,17;0,98
ST NG 06;node092;1. Committed DA;1;110,25;0;DA UC;RT;215,73;9806,43;10175,43;10942,81;11651,13;;32,76;57,87;82,98;110,25;;ST NG 6;1,72;450;1,72;450;8;12;8,82;8%;8,82;ST NG 6;8765,7;0,98
ST NG 07;node092;1. Committed DA;1;110,25;0;DA UC;RT;175,41;9932,64;10172,13;10670,12;11129,73;;32,77;57,9;83,03;110,25;;ST NG 7;1,82;450;1,82;450;8;12;8,82;8%;8,82;ST NG 7;8765,7;0,98
ST NG 08;node092;1. Committed DA;1;306;0;DA UC;RT;482,88;9601,15;9846,42;10356,45;10827,2;;91,49;161,64;231,78;306;;ST NG 8;4,98;450;4,98;450;8;12;24,48;8%;24,48;ST NG 8;24329,29;0,98
ST NG 09;node092;1. Committed DA;1;345,6;0;DA UC;RT;592,26;9197,41;9501,77;10134,7;10718,89;;103,37;182,61;261,86;345,6;;ST NG 9;5,48;450;5,48;450;8;12;27,65;8%;27,65;ST NG 9;27477,79;0,98
ST NG 10;node105;1. Committed DA;1;106,25;0;DA UC;RT;254,48;9367,77;9900,81;11009,53;12032,98;;31,88;56,31;80,75;106,25;;ST NG 10;1,77;450;1,77;450;8;12;8,5;8%;8,5;ST NG 10;8447,67;0,98
ST Other 01;node024;1. Committed DA;1;4,6;0;DA UC;RT;23,46;11819,23;12422,19;13814,7;;;2,79;3,88;4,6;;;ST Other 1;0,05;450;0,05;450;6;6;2,07;45%;2,07;ST Other 1;365,73;0,98
ST Other 02;node024;1. Committed DA;1;30,4;0;DA UC;RT;488,75;5597;;;;;30,4;;;;;ST Other 2;0,62;450;0,62;450;1;1;30,1;99%;9,12;ST Other 2;966,81;1,91
Wind 01;node024;Wind;1;11,5;1;;;;;;;;;;;;;;;;;;;;;0;0%;0;;;
Wind 02;node024;Wind;1;38;1;;;;;;;;;;;;;;;;;;;;;0;0%;0;;;
Wind 03;node024;Wind;1;10;1;;;;;;;;;;;;;;;;;;;;;0;0%;0;;;
Wind 04;node024;Wind;1;5;1;;;;;;;;;;;;;;;;;;;;;0;0%;0;;;
Wind 05;node024;Wind;1;1,1;1;;;;;;;;;;;;;;;;;;;;;0;0%;0;;;
Wind 06;node027;Wind;1;24,1;1;;;;;;;;;;;;;;;;;;;;;0;0%;0;;;
Wind 07;node027;Wind;1;16,6;1;;;;;;;;;;;;;;;;;;;;;0;0%;0;;;
Wind 08;node027;Wind;1;16,6;1;;;;;;;;;;;;;;;;;;;;;0;0%;0;;;
Wind 09;node027;Wind;1;16,6;1;;;;;;;;;;;;;;;;;;;;;0;0%;0;;;
Wind 10;node027;Wind;1;16,6;1;;;;;;;;;;;;;;;;;;;;;0;0%;0;;;
Wind 11;node027;Wind;1;16,6;1;;;;;;;;;;;;;;;;;;;;;0;0%;0;;;
Wind 12;node031;Wind;1;97,5;1;;;;;;;;;;;;;;;;;;;;;0;0%;0;;;
Wind 13;node031;Wind;1;58,7;1;;;;;;;;;;;;;;;;;;;;;0;0%;0;;;
Wind 14;node100;Wind;1;400;1;;;;;;;;;;;;;;;;;;;;;0;0%;0;;;
Wind 15;node082;Wind;1;50;1;;;;;;;;;;;;;;;;;;;;;0;0%;0;;;
Wind 16;node082;Wind;1;149,5;1;;;;;;;;;;;;;;;;;;;;;0;0%;0;;;
Wind 17;node082;Wind;1;149,5;1;;;;;;;;;;;;;;;;;;;;;0;0%;0;;;
;;;;;;;;;;;;;;;;;;;;;;;;;;;;;;;
;;;;;;;;;;;;;;;;;;;;;;;;;;;;;;;
;;;;;;;;;;;;;;;;;;;;;;;;;;;;;;;
;;;;;;;;;;;;;;;;;;;;;;;;;;;;;;;
;;;;;;;;;;;;;;;;;;;;;;;;;;;;;;;
;;;;;;;;;;;;;;;;;;;;;;;;;;;;;;;
;;;;;;;;;;;;;;;;;;;;;;;;;;;;;;;
;;;;;;;;;;;;;;;;;;;;;;;;;;;;;;;
;;;;;;;;;;;;;;;;;;;;;;;;;;;;;;;
;;;;;;;;;;;;;;;;;;;;;;;;;;;;;;;
;;;;;;;;;;;;;;;;;;;;;;;;;;;;;;;
;;;;;;;;;;;;;;;;;;;;;;;;;;;;;;;
;;;;;;;;;;;;;;;;;;;;;;;;;;;;;;;
;;;;;;;;;;;;;;;;;;;;;;;;;;;;;;;
;;;;;;;;;;;;;;;;;;;;;;;;;;;;;;;
;;;;;;;;;;;;;;;;;;;;;;;;;;;;;;;
;;;;;;;;;;;;;;;;;;;;;;;;;;;;;;;
;;;;;;;;;;;;;;;;;;;;;;;;;;;;;;;
;;;;;;;;;;;;;;;;;;;;;;;;;;;;;;;
;;;;;;;;;;;;;;;;;;;;;;;;;;;;;;;
;;;;;;;;;;;;;;;;;;;;;;;;;;;;;;;
;;;;;;;;;;;;;;;;;;;;;;;;;;;;;;;
;;;;;;;;;;;;;;;;;;;;;;;;;;;;;;;
;;;;;;;;;;;;;;;;;;;;;;;;;;;;;;;
;;;;;;;;;;;;;;;;;;;;;;;;;;;;;;;
;;;;;;;;;;;;;;;;;;;;;;;;;;;;;;;
;;;;;;;;;;;;;;;;;;;;;;;;;;;;;;;
;;;;;;;;;;;;;;;;;;;;;;;;;;;;;;;
;;;;;;;;;;;;;;;;;;;;;;;;;;;;;;;
;;;;;;;;;;;;;;;;;;;;;;;;;;;;;;;
;;;;;;;;;;;;;;;;;;;;;;;;;;;;;;;
;;;;;;;;;;;;;;;;;;;;;;;;;;;;;;;
;;;;;;;;;;;;;;;;;;;;;;;;;;;;;;;
;;;;;;;;;;;;;;;;;;;;;;;;;;;;;;;
;;;;;;;;;;;;;;;;;;;;;;;;;;;;;;;
;;;;;;;;;;;;;;;;;;;;;;;;;;;;;;;
;;;;;;;;;;;;;;;;;;;;;;;;;;;;;;;
;;;;;;;;;;;;;;;;;;;;;;;;;;;;;;;
;;;;;;;;;;;;;;;;;;;;;;;;;;;;;;;
;;;;;;;;;;;;;;;;;;;;;;;;;;;;;;;
;;;;;;;;;;;;;;;;;;;;;;;;;;;;;;;
;;;;;;;;;;;;;;;;;;;;;;;;;;;;;;;
;;;;;;;;;;;;;;;;;;;;;;;;;;;;;;;
;;;;;;;;;;;;;;;;;;;;;;;;;;;;;;;
;;;;;;;;;;;;;;;;;;;;;;;;;;;;;;;
;;;;;;;;;;;;;;;;;;;;;;;;;;;;;;;
;;;;;;;;;;;;;;;;;;;;;;;;;;;;;;;
;;;;;;;;;;;;;;;;;;;;;;;;;;;;;;;
;;;;;;;;;;;;;;;;;;;;;;;;;;;;;;;
;;;;;;;;;;;;;;;;;;;;;;;;;;;;;;;
;;;;;;;;;;;;;;;;;;;;;;;;;;;;;;;
;;;;;;;;;;;;;;;;;;;;;;;;;;;;;;;
;;;;;;;;;;;;;;;;;;;;;;;;;;;;;;;
;;;;;;;;;;;;;;;;;;;;;;;;;;;;;;;
;;;;;;;;;;;;;;;;;;;;;;;;;;;;;;;
;;;;;;;;;;;;;;;;;;;;;;;;;;;;;;;
;;;;;;;;;;;;;;;;;;;;;;;;;;;;;;;
;;;;;;;;;;;;;;;;;;;;;;;;;;;;;;;
;;;;;;;;;;;;;;;;;;;;;;;;;;;;;;;
;;;;;;;;;;;;;;;;;;;;;;;;;;;;;;;
;;;;;;;;;;;;;;;;;;;;;;;;;;;;;;;
;;;;;;;;;;;;;;;;;;;;;;;;;;;;;;;
;;;;;;;;;;;;;;;;;;;;;;;;;;;;;;;
;;;;;;;;;;;;;;;;;;;;;;;;;;;;;;;
;;;;;;;;;;;;;;;;;;;;;;;;;;;;;;;
;;;;;;;;;;;;;;;;;;;;;;;;;;;;;;;
;;;;;;;;;;;;;;;;;;;;;;;;;;;;;;;
;;;;;;;;;;;;;;;;;;;;;;;;;;;;;;;
;;;;;;;;;;;;;;;;;;;;;;;;;;;;;;;
;;;;;;;;;;;;;;;;;;;;;;;;;;;;;;;
;;;;;;;;;;;;;;;;;;;;;;;;;;;;;;;
;;;;;;;;;;;;;;;;;;;;;;;;;;;;;;;
;;;;;;;;;;;;;;;;;;;;;;;;;;;;;;;
;;;;;;;;;;;;;;;;;;;;;;;;;;;;;;;
;;;;;;;;;;;;;;;;;;;;;;;;;;;;;;;
;;;;;;;;;;;;;;;;;;;;;;;;;;;;;;;
;;;;;;;;;;;;;;;;;;;;;;;;;;;;;;;
;;;;;;;;;;;;;;;;;;;;;;;;;;;;;;;
;;;;;;;;;;;;;;;;;;;;;;;;;;;;;;;
;;;;;;;;;;;;;;;;;;;;;;;;;;;;;;;
;;;;;;;;;;;;;;;;;;;;;;;;;;;;;;;
;;;;;;;;;;;;;;;;;;;;;;;;;;;;;;;
;;;;;;;;;;;;;;;;;;;;;;;;;;;;;;;
;;;;;;;;;;;;;;;;;;;;;;;;;;;;;;;
;;;;;;;;;;;;;;;;;;;;;;;;;;;;;;;
;;;;;;;;;;;;;;;;;;;;;;;;;;;;;;;
;;;;;;;;;;;;;;;;;;;;;;;;;;;;;;;
;;;;;;;;;;;;;;;;;;;;;;;;;;;;;;;
;;;;;;;;;;;;;;;;;;;;;;;;;;;;;;;
;;;;;;;;;;;;;;;;;;;;;;;;;;;;;;;
;;;;;;;;;;;;;;;;;;;;;;;;;;;;;;;
;;;;;;;;;;;;;;;;;;;;;;;;;;;;;;;
;;;;;;;;;;;;;;;;;;;;;;;;;;;;;;;
;;;;;;;;;;;;;;;;;;;;;;;;;;;;;;;
;;;;;;;;;;;;;;;;;;;;;;;;;;;;;;;
;;;;;;;;;;;;;;;;;;;;;;;;;;;;;;;
;;;;;;;;;;;;;;;;;;;;;;;;;;;;;;;
;;;;;;;;;;;;;;;;;;;;;;;;;;;;;;;
;;;;;;;;;;;;;;;;;;;;;;;;;;;;;;;
;;;;;;;;;;;;;;;;;;;;;;;;;;;;;;;
;;;;;;;;;;;;;;;;;;;;;;;;;;;;;;;
;;;;;;;;;;;;;;;;;;;;;;;;;;;;;;;
;;;;;;;;;;;;;;;;;;;;;;;;;;;;;;;
;;;;;;;;;;;;;;;;;;;;;;;;;;;;;;;
;;;;;;;;;;;;;;;;;;;;;;;;;;;;;;;
;;;;;;;;;;;;;;;;;;;;;;;;;;;;;;;
;;;;;;;;;;;;;;;;;;;;;;;;;;;;;;;
;;;;;;;;;;;;;;;;;;;;;;;;;;;;;;;
;;;;;;;;;;;;;;;;;;;;;;;;;;;;;;;
;;;;;;;;;;;;;;;;;;;;;;;;;;;;;;;
